mcc_code;category_name;detail description
4121;автомобиль;предоставление услуг транспортировки (такси)
5995;все для дома;зоомагазины и товары для дома
5912;здоровье и красота;аптеки и предоставление медицинских услуг
4812;комунальные платежи, связь, интернет;услуги связи(Мегафон, МТС и прочие)
8299;образование;образовательные услуги (в том числе интернет-обучение)
5621;одежда и аксессуары;различные магазины одежды
5641;отдых и развлечения;всякие детские и развлекательные магазины и заведения (детский мир)
6536;прочие операции;различные банковские списания и комиссии
9311;прочие расходы;госпошлины и налоги (различные сборы)
3011;путешествия;авиакомпании
5814;рестораны и кафе;различные кофейни и фастфуды
5411;супермаркеты;бакалеи и различные супермаркеты
4111;транспорт;различные перевозки (поезда, общественный транспорт)
6538;перевод с карты;переводы другим лицам