receipt_date;day_time;execute_date;authorization_code;description;sum;mcc_code;category
07.06.2021 00:41;evening;08.06.2021;237058;WB;249.00;5621;одежда и аксессуары
07.06.2021 00:40;evening;08.06.2021;269116;WB;846.00;5621;одежда и аксессуары
30.05.2021 13:27;afternoon;01.06.2021;261947;PEREKRESTOK BOROVSKOE;928.80;5411;супермаркеты
30.05.2021 12:57;afternoon;31.05.2021;219456;ZOOMAGAZIN CHETYRE LAPY;2135.90;5995;все для дома
29.05.2021 23:52;evening;01.06.2021;283634;WB;2006.00;5621;одежда и аксессуары
29.05.2021 23:51;evening;01.06.2021;289770;WB;1124.00;5621;одежда и аксессуары
28.05.2021 18:42;evening;31.05.2021;287257;PEREKRESTOK BOROVSKOE;1170.93;5411;супермаркеты
27.05.2021 21:38;evening;31.05.2021;248817;PEREKRESTOK BOROVSKOE;930.00;5411;супермаркеты
27.05.2021 04:47;evening;28.05.2021;276696;MOBILE BANK: KOMISSIYA;60.00;6536;прочие операции
19.05.2021 14:50;afternoon;21.05.2021;271760;WB;645.00;5621;одежда и аксессуары
18.05.2021 22:16;evening;20.05.2021;218249;umschool;2840.00;8299;образование
17.05.2021 21:53;evening;18.05.2021;278571;DEYA;4500.00;5411;супермаркеты
16.05.2021 08:50;morning;17.05.2021;207731;WB;498.00;5621;одежда и аксессуары
12.05.2021 14:26;afternoon;13.05.2021;243007;PYATEROCHKA 10171;489.12;5411;супермаркеты
11.05.2021 19:35;evening;12.05.2021;232566;PRODUKTY;203.50;5411;супермаркеты
10.05.2021 22:53;evening;12.05.2021;211432;TUTU.RU;4608.66;3011;путешествия
10.05.2021 22:31;evening;12.05.2021;236123;TUTU.RU;5108.66;3011;путешествия
09.05.2021 20:45;evening;10.05.2021;220186;PEREKRESTOK BOROVSKOE;1307.58;5411;супермаркеты
08.05.2021 17:16;afternoon;08.05.2021;289446;MOBILE BANK: KOMISSIYA;60.00;6536;прочие операции
08.05.2021 11:24;morning;10.05.2021;245070;BILLA BOROVSKOE;2907.85;5411;супермаркеты
07.05.2021 12:15;afternoon;08.05.2021;234687;PEREKRESTOK BOROVSKOE;998.65;5411;супермаркеты
07.05.2021 12:13;afternoon;08.05.2021;287324;PEREKRESTOK BOROVSKOE;477.27;5411;супермаркеты
03.05.2021 08:29;morning;03.05.2021;212756;BEE-LINE B9067619195;200.00;4812;комунальные платежи, связь, интернет
03.05.2021 08:00;morning;03.05.2021;225433;BEE-LINE B9661483598;550.00;4812;комунальные платежи, связь, интернет
03.05.2021 07:59;morning;03.05.2021;281895;BEE-LINE B9099590737;550.00;4812;комунальные платежи, связь, интернет
30.04.2021 22:06;evening;03.05.2021;280891;umschool;4200.00;8299;образование
30.04.2021 22:02;evening;03.05.2021;294843;Umschool;4400.00;8299;образование
30.04.2021 22:00;evening;03.05.2021;239166;umschool;4460.00;8299;образование
30.04.2021 21:56;evening;03.05.2021;211968;umschool;2840.00;8299;образование
30.04.2021 20:43;evening;01.05.2021;230748;APTEKA;169.00;5912;здоровье и красота
29.04.2021 21:48;evening;30.04.2021;232341;POBEDA;8199.00;3011;путешествия
28.04.2021 13:46;afternoon;28.04.2021;242687;FIXPRICE 3515;105.00;5621;одежда и аксессуары
27.04.2021 09:58;morning;27.04.2021;239193;BEE-LINE B9099590737;150.00;4812;комунальные платежи, связь, интернет
27.04.2021 09:58;morning;27.04.2021;274414;BEE-LINE B9661483598;150.00;4812;комунальные платежи, связь, интернет
27.04.2021 05:02;evening;27.04.2021;249399;MOBILE BANK: KOMISSIYA;60.00;6536;прочие операции
22.04.2021 12:13;afternoon;23.04.2021;208077;MAGNIT MM ANDEZIT;252.56;5411;супермаркеты
22.04.2021 09:18;morning;22.04.2021;278149;CENTR. POLIKLINIKA 6;2640.00;5912;здоровье и красота
21.04.2021 19:19;evening;22.04.2021;264828;TC LASTOCHKINO GNEZDO;1220.00;5411;супермаркеты
21.04.2021 16:01;afternoon;21.04.2021;271543;TD KHOLAM;148.00;5995;все для дома
21.04.2021 15:50;afternoon;21.04.2021;282354;RUSALINA;463.00;5411;супермаркеты
21.04.2021 11:43;morning;22.04.2021;214824;Tinkoff Bank Card2Card;11000.00;6536;прочие операции
20.04.2021 12:17;afternoon;21.04.2021;258843;MOBIKOM-KAVKAZ W9287200150;200.00;4812;комунальные платежи, связь, интернет
19.04.2021 00:02;evening;21.04.2021;273660;Umschool;1290.00;8299;образование
18.04.2021 14:48;afternoon;19.04.2021;263066;TRINITI;458.00;5995;все для дома
17.04.2021 17:48;afternoon;19.04.2021;295735;PEREKRESTOK BOROVSKOE;1172.77;5411;супермаркеты
16.04.2021 19:37;evening;19.04.2021;245959;PEREKRESTOK BOROVSKOE;1849.15;5411;супермаркеты
16.04.2021 15:28;afternoon;16.04.2021;241660;TRINITI;664.00;5995;все для дома
15.04.2021 19:36;evening;17.04.2021;268580;PEREKRESTOK BOROVSKOE;1658.30;5411;супермаркеты
15.04.2021 18:57;evening;16.04.2021;289447;BEE-LINE B9067617195;500.00;4812;комунальные платежи, связь, интернет
15.04.2021 16:58;afternoon;16.04.2021;257795;FIXPRICE 3515;1054.00;5621;одежда и аксессуары
15.04.2021 00:32;evening;19.04.2021;296538;AEROFLOT;26492.00;3011;путешествия
14.04.2021 19:31;evening;15.04.2021;277287;FIXPRICE 3515;89.90;5621;одежда и аксессуары
14.04.2021 12:00;afternoon;15.04.2021;271378;Tinkoff Bank Card2Card;18000.00;6536;прочие операции
14.04.2021 10:19;morning;14.04.2021;253638;RUSALINA;395.00;5411;супермаркеты
11.04.2021 00:36;evening;12.04.2021;223487;WILDBERRIES.RU;256.00;5621;одежда и аксессуары
10.04.2021 22:08;evening;12.04.2021;237599;WB;280.00;5621;одежда и аксессуары
10.04.2021 17:24;afternoon;10.04.2021;214475;RUSALINA;648.00;5411;супермаркеты
08.04.2021 19:51;evening;09.04.2021;292566;WB;492.00;5621;одежда и аксессуары
08.04.2021 19:49;evening;09.04.2021;251149;WB;605.00;5621;одежда и аксессуары
07.04.2021 18:54;evening;08.04.2021;273963;Kupibilet;3699.00;3011;путешествия
07.04.2021 16:00;afternoon;09.04.2021;254390;Utair;5185.00;3011;путешествия
04.04.2021 05:51;evening;05.04.2021;260121;MOBILE BANK: KOMISSIYA;60.00;6536;прочие операции
03.04.2021 01:28;evening;03.04.2021;215505;MOBILE BANK: KOMISSIYA;60.00;6536;прочие операции
02.04.2021 16:37;afternoon;02.04.2021;217020;RUSALINA;750.00;5411;супермаркеты
31.03.2021 23:13;evening;02.04.2021;285829;umschool;2800.00;8299;образование
31.03.2021 23:12;evening;02.04.2021;227524;umschool;2810.00;8299;образование
31.03.2021 23:03;evening;02.04.2021;257892;Umschool;3390.00;8299;образование
31.03.2021 21:50;evening;01.04.2021;277045;WB;1423.00;5621;одежда и аксессуары
30.03.2021 12:27;afternoon;30.03.2021;255975;MOBIKOM-KAVKAZ W9287200150;400.00;4812;комунальные платежи, связь, интернет
27.03.2021 10:54;morning;27.03.2021;261106;BEE-LINE B9099590737;200.00;4812;комунальные платежи, связь, интернет
27.03.2021 05:18;evening;27.03.2021;208105;MOBILE BANK: KOMISSIYA;60.00;6536;прочие операции
23.03.2021 10:02;morning;24.03.2021;291063;Tinkoff Bank Card2Card;11000.00;6536;прочие операции
22.03.2021 20:52;evening;24.03.2021;215176;umschool;990.00;8299;образование
22.03.2021 13:47;afternoon;23.03.2021;290307;Tinkoff Bank Card2Card;19000.00;6536;прочие операции
20.03.2021 17:35;afternoon;22.03.2021;259579;Y.M*ddeducate;2000.00;4812;комунальные платежи, связь, интернет
20.03.2021 17:01;afternoon;20.03.2021;257108;RUSALINA;447.00;5411;супермаркеты
20.03.2021 16:55;afternoon;20.03.2021;267249;FIXPRICE 3515;306.00;5621;одежда и аксессуары
20.03.2021 09:14;morning;20.03.2021;211748;MOBIKOM-KAVKAZ W9287200150;500.00;4812;комунальные платежи, связь, интернет
17.03.2021 17:22;afternoon;19.03.2021;269261;BILLA BOROVSKOE;967.67;5411;супермаркеты
17.03.2021 11:04;morning;18.03.2021;241742;YANDEX.TAXI;42.00;5641;отдых и развлечения
17.03.2021 10:38;morning;18.03.2021;201444;PYATEROCHKA 10171;689.74;5411;супермаркеты
16.03.2021 21:40;evening;17.03.2021;239950;YANDEX.TAXI;76.00;5641;отдых и развлечения
16.03.2021 21:38;evening;16.03.2021;270013;RUSALINA;221.00;5411;супермаркеты
16.03.2021 21:22;evening;17.03.2021;225186;DEYA;381.90;5411;супермаркеты
16.03.2021 21:21;evening;17.03.2021;205128;DEYA;950.50;5411;супермаркеты
16.03.2021 21:11;evening;17.03.2021;224361;PEREKRESTOK BOROVSKOE;942.17;5411;супермаркеты
16.03.2021 21:04;evening;17.03.2021;217008;YANDEX.TAXI;68.00;5641;отдых и развлечения
16.03.2021 09:32;morning;17.03.2021;211934;PYATEROCHKA 3659;432.75;5411;супермаркеты
16.03.2021 08:38;morning;16.03.2021;290324;YANDEX.TAXI;94.00;5641;отдых и развлечения
15.03.2021 13:49;afternoon;16.03.2021;283197;SUPERMARKET PALMA 2;875.11;5411;супермаркеты
15.03.2021 11:44;morning;15.03.2021;266438;YANDEX.TAXI;106.00;5641;отдых и развлечения
15.03.2021 09:23;morning;15.03.2021;249684;YANDEX.TAXI;90.00;5641;отдых и развлечения
14.03.2021 15:10;afternoon;15.03.2021;252195;YANDEX.TAXI;64.00;5641;отдых и развлечения
14.03.2021 12:44;afternoon;15.03.2021;228757;YANDEX.TAXI;127.00;5641;отдых и развлечения
13.03.2021 21:14;evening;15.03.2021;231141;TTS GORNYY;436.99;5411;супермаркеты
13.03.2021 20:59;evening;15.03.2021;218070;SUPERMARKET VESTER5;621.84;5411;супермаркеты
13.03.2021 15:23;afternoon;15.03.2021;256153;DEYA 12;25.90;5411;супермаркеты
13.03.2021 15:10;afternoon;15.03.2021;261788;YANDEX.TAXI;147.00;5641;отдых и развлечения
13.03.2021 11:49;morning;15.03.2021;272669;PEREKRESTOK BOROVSKOE;159.90;5411;супермаркеты
13.03.2021 11:46;morning;15.03.2021;234654;PEREKRESTOK BOROVSKOE;756.16;5411;супермаркеты
12.03.2021 16:29;afternoon;13.03.2021;291697;MAGNIT MM SOZNATELNYJ;203.99;5411;супермаркеты
12.03.2021 13:57;afternoon;12.03.2021;204050;NOVOPEREDELKINO;326.09;5411;супермаркеты
12.03.2021 13:54;afternoon;12.03.2021;284619;MYASNOJ OTDEL;258.50;5641;отдых и развлечения
12.03.2021 09:21;morning;12.03.2021;245524;BEE-LINE B9067617195;300.00;4812;комунальные платежи, связь, интернет
11.03.2021 20:15;evening;12.03.2021;232118;PYATEROCHKA 8879;830.90;5411;супермаркеты
11.03.2021 11:14;morning;12.03.2021;263889;OOO FMMR;198.00;5411;супермаркеты
11.03.2021 11:12;morning;12.03.2021;299612;PRODUKTY;140.00;5411;супермаркеты
11.03.2021 11:10;morning;11.03.2021;267769;PRODUKTY;341.50;5411;супермаркеты
10.03.2021 18:33;evening;10.03.2021;277602;RUSALINA;126.00;5411;супермаркеты
10.03.2021 18:31;evening;10.03.2021;216714;RUSALINA;95.00;5912;здоровье и красота
10.03.2021 16:18;afternoon;11.03.2021;265701;MAGNIT MM DOLINSK;1148.70;5411;супермаркеты
10.03.2021 15:04;afternoon;11.03.2021;287817;YANDEX.TAXI;171.00;5641;отдых и развлечения
10.03.2021 13:05;afternoon;11.03.2021;293563;PEREKRESTOK BOROVSKOE;1505.72;5411;супермаркеты
10.03.2021 09:03;morning;10.03.2021;228683;YANDEX.TAXI;116.00;5641;отдых и развлечения
09.03.2021 22:52;evening;11.03.2021;244667;umschool;990.00;8299;образование
09.03.2021 22:42;evening;11.03.2021;267777;umschool;990.00;8299;образование
09.03.2021 14:18;afternoon;10.03.2021;220618;YANDEX.TAXI;97.00;5641;отдых и развлечения
09.03.2021 11:29;morning;10.03.2021;230700;PEREKRESTOK BOROVSKOE;1076.30;5411;супермаркеты
09.03.2021 11:28;morning;10.03.2021;252331;PEREKRESTOK BOROVSKOE;230.54;5411;супермаркеты
09.03.2021 11:07;morning;10.03.2021;229715;MAGNIT MM DOLINSK;652.81;5411;супермаркеты
09.03.2021 09:49;morning;09.03.2021;281359;YANDEX.TAXI;39.00;5641;отдых и развлечения
09.03.2021 09:34;morning;09.03.2021;228254;YANDEX.TAXI;159.00;5641;отдых и развлечения
07.03.2021 18:15;evening;08.03.2021;290717;PYATEROCHKA 17974;712.36;5411;супермаркеты
07.03.2021 15:30;afternoon;08.03.2021;226985;YANDEX.TAXI;56.00;5641;отдых и развлечения
07.03.2021 14:01;afternoon;08.03.2021;222882;YANDEX.TAXI;81.00;5641;отдых и развлечения
06.03.2021 18:01;evening;08.03.2021;283304;PEREKRESTOK BOROVSKOE;526.45;5411;супермаркеты
06.03.2021 17:35;afternoon;06.03.2021;232404;FIXPRICE 3515;112.00;5621;одежда и аксессуары
06.03.2021 16:36;afternoon;08.03.2021;223905;ATAK 506_Borovskoe;1476.62;5411;супермаркеты
05.03.2021 17:58;afternoon;06.03.2021;249335;PEREKRESTOK BOROVSKOE;974.52;5411;супермаркеты
05.03.2021 11:15;morning;06.03.2021;247957;PYATEROCHKA 19400;232.57;5411;супермаркеты
04.03.2021 04:57;evening;04.03.2021;268601;MOBILE BANK: KOMISSIYA;60.00;6536;прочие операции
04.03.2021 00:26;evening;05.03.2021;200914;HTTP://WWW.ROBOKASSA.R;53.50;9311;прочие расходы
03.03.2021 21:27;evening;04.03.2021;269416;POBEDA;5548.00;3011;путешествия
03.03.2021 01:34;evening;03.03.2021;280914;MOBILE BANK: KOMISSIYA;60.00;6536;прочие операции
28.02.2021 23:31;evening;02.03.2021;220711;umschool;2800.00;8299;образование
28.02.2021 23:23;evening;02.03.2021;213091;umschool;2810.00;8299;образование
28.02.2021 23:21;evening;02.03.2021;254975;Umschool;3390.00;8299;образование
28.02.2021 09:18;morning;01.03.2021;210270;FIXPRICE 3515;298.00;5621;одежда и аксессуары
27.02.2021 10:04;morning;27.02.2021;244276;POBEDA;7999.00;3011;путешествия
27.02.2021 05:02;evening;27.02.2021;255937;MOBILE BANK: KOMISSIYA;60.00;6536;прочие операции
26.02.2021 18:31;evening;27.02.2021;232499;MAGNIT MM KENZHE;791.37;5411;супермаркеты
26.02.2021 18:05;evening;27.02.2021;210543;MAGNIT MM KENZHE;163.17;5411;супермаркеты
25.02.2021 20:45;evening;26.02.2021;231936;PYATEROCHKA 8879;402.30;5411;супермаркеты
25.02.2021 20:33;evening;26.02.2021;293117;PYATEROCHKA 224;630.15;5411;супермаркеты
25.02.2021 17:17;afternoon;25.02.2021;258987;RUSALINA;108.00;5912;здоровье и красота
25.02.2021 14:01;afternoon;26.02.2021;215386;PEREKRESTOK BOROVSKOE;574.20;5411;супермаркеты
25.02.2021 10:45;morning;26.02.2021;260679;PYATEROCHKA 10171;543.41;5411;супермаркеты
25.02.2021 08:16;morning;25.02.2021;215488;MOBIKOM-KAVKAZ W9287200150;99.00;4812;комунальные платежи, связь, интернет
24.02.2021 19:34;evening;24.02.2021;294310;LOFTPATRIKNALCHIK 1;1628.00;5814;рестораны и кафе
23.02.2021 11:45;morning;24.02.2021;288478;MAGNIT MM KENZHE;1105.15;5411;супермаркеты
23.02.2021 10:38;morning;24.02.2021;281188;IP MAMAEVA ZHANNETA SEJF;965.80;5411;супермаркеты
22.02.2021 12:47;afternoon;22.02.2021;253346;FIXPRICE 3515;199.00;5621;одежда и аксессуары
22.02.2021 12:13;afternoon;22.02.2021;232138;APTEKA;3756.00;5912;здоровье и красота
21.02.2021 21:53;evening;23.02.2021;265535;umschool;990.00;8299;образование
21.02.2021 14:39;afternoon;22.02.2021;245265;Зачисление;351.00;6536;прочие операции
20.02.2021 20:03;evening;20.02.2021;248626;RUSALINA;200.00;5411;супермаркеты
20.02.2021 12:18;afternoon;22.02.2021;229186;MAGAZIN 555;271.00;5411;супермаркеты
20.02.2021 12:15;afternoon;22.02.2021;231700;SUPERMARKET PALMA 2;162.00;5411;супермаркеты
19.02.2021 17:03;afternoon;19.02.2021;212435;RUSALINA;561.00;5411;супермаркеты
19.02.2021 16:55;afternoon;19.02.2021;249966;FIXPRICE 3515;346.80;5621;одежда и аксессуары
19.02.2021 16:46;afternoon;20.02.2021;214756;OOO Klinika Medium;1200.00;5912;здоровье и красота
19.02.2021 16:34;afternoon;20.02.2021;251751;Tinkoff Bank Card2Card;4200.00;6536;прочие операции
19.02.2021 12:32;afternoon;20.02.2021;252854;MAGNIT MM ANDEZIT;974.01;5411;супермаркеты
19.02.2021 11:28;morning;20.02.2021;234852;MAGNIT MM KENZHE;362.78;5411;супермаркеты
19.02.2021 11:21;morning;20.02.2021;291679;PYATEROCHKA 8879;564.91;5411;супермаркеты
19.02.2021 10:35;morning;20.02.2021;280349;OOO Klinika Medium;3000.00;5912;здоровье и красота
19.02.2021 10:05;morning;19.02.2021;203453;FARMA MEDIUM APTEKA;50.00;5912;здоровье и красота
19.02.2021 08:38;morning;19.02.2021;246769;MOBIKOM-KAVKAZ W9287200150;500.00;4812;комунальные платежи, связь, интернет
18.02.2021 19:58;evening;19.02.2021;249312;PEREKRESTOK BOROVSKOE;1330.49;5411;супермаркеты
18.02.2021 17:20;afternoon;18.02.2021;216438;RUSALINA;595.00;5411;супермаркеты
17.02.2021 20:40;evening;18.02.2021;264686;PYATEROCHKA 224;608.80;5411;супермаркеты
17.02.2021 12:16;afternoon;18.02.2021;225946;TC LASTOCHKINO GNEZDO;1092.42;5411;супермаркеты
17.02.2021 11:25;morning;18.02.2021;292255;PEREKRESTOK BOROVSKOE;1193.60;5411;супермаркеты
17.02.2021 11:23;morning;18.02.2021;233203;PEREKRESTOK BOROVSKOE;171.42;5411;супермаркеты
17.02.2021 01:22;evening;17.02.2021;299241;POBEDA;14438.00;3011;путешествия
13.02.2021 16:10;afternoon;15.02.2021;280925;Supermarket SREDA;411.00;5411;супермаркеты
12.02.2021 16:54;afternoon;12.02.2021;262958;APTEKA;570.00;5912;здоровье и красота
12.02.2021 11:17;morning;13.02.2021;231610;LASTOCHKINO GNEZDO;570.20;5411;супермаркеты
10.02.2021 15:08;afternoon;11.02.2021;239656;PYATEROCHKA 17974;812.11;5411;супермаркеты
08.02.2021 18:23;evening;09.02.2021;277657;MAGNIT MM SOZNATELNYJ;712.21;5411;супермаркеты
06.02.2021 15:40;afternoon;08.02.2021;215500;PEREKRESTOK BOROVSKOE;1258.37;5411;супермаркеты
05.02.2021 21:48;evening;08.02.2021;264229;Tinkoff Bank Card2Card;5000.00;6536;прочие операции
05.02.2021 19:48;evening;06.02.2021;233191;MAGNIT MM SOZNATELNYJ;215.83;5411;супермаркеты
05.02.2021 16:10;afternoon;05.02.2021;283907;MASHUK-FARM;180.00;5912;здоровье и красота
05.02.2021 11:32;morning;06.02.2021;241249;OOO FMMR;396.00;5411;супермаркеты
05.02.2021 11:24;morning;06.02.2021;209923;PYATEROCHKA 887;754.01;5411;супермаркеты
04.02.2021 19:27;evening;05.02.2021;212031;TC LASTOCHKINO GNEZDO;321.10;5411;супермаркеты
04.02.2021 16:48;afternoon;06.02.2021;228921;MOS.TRANSPORT.VTB.RU;138.00;4111;транспорт
04.02.2021 15:28;afternoon;05.02.2021;274729;yamaguchi-mass;100.00;5641;отдых и развлечения
04.02.2021 15:21;afternoon;05.02.2021;207709;yamaguchi-mass;200.00;5641;отдых и развлечения
04.02.2021 11:10;morning;05.02.2021;215052;BILLA BOROVSKOE;427.71;5411;супермаркеты
04.02.2021 10:40;morning;04.02.2021;298597;STRELKACARD.RU;130.00;4111;транспорт
04.02.2021 09:45;morning;06.02.2021;257592;MOS.TRANSPORT.VTB.RU;46.00;4111;транспорт
03.02.2021 13:12;afternoon;04.02.2021;261326;OAO CPPC;40.00;4111;транспорт
03.02.2021 12:48;afternoon;04.02.2021;259706;OAO CPPC;40.00;4111;транспорт
03.02.2021 12:17;afternoon;03.02.2021;275547;BEE-LINE B9067617195;300.00;4812;комунальные платежи, связь, интернет
03.02.2021 10:59;morning;04.02.2021;257551;PYATEROCHKA 8879;851.98;5411;супермаркеты
03.02.2021 00:00;evening;04.02.2021;-;MOBILE FEE;60.00;6536;прочие операции
02.02.2021 13:49;afternoon;04.02.2021;228544;GLOBUS SALAREVO;957.94;5411;супермаркеты
02.02.2021 02:29;evening;05.02.2021;258419;AEROFLOT;5822.00;3011;путешествия
02.02.2021 00:00;evening;03.02.2021;-;MOBILE FEE;60.00;6536;прочие операции
01.02.2021 19:13;evening;01.02.2021;219162;КОМИССИЯ ЗА ПРОВЕДЕННУЮ ОПЕРАЦИЮ;30.00;6536;прочие операции
01.02.2021 13:42;afternoon;01.02.2021;267251;KFC KAPITOLIY KASHIR;266.00;5814;рестораны и кафе
01.02.2021 13:36;afternoon;01.02.2021;295788;SPORTMASTER;199.00;5641;отдых и развлечения
31.01.2021 16:21;afternoon;01.02.2021;229061;KFC ZARYA;260.00;5814;рестораны и кафе
31.01.2021 11:14;morning;02.02.2021;247761;NOVOKOSINO;350.00;4111;транспорт
28.01.2021 17:27;afternoon;28.01.2021;246082;КОМИССИЯ ЗА ПРОВЕДЕННУЮ ОПЕРАЦИЮ;30.00;6536;прочие операции
27.01.2021 10:39;morning;27.01.2021;257474;SP CDA;1250.00;5912;здоровье и красота
26.01.2021 20:40;evening;28.01.2021;240490;Umschool;2800.00;8299;образование
26.01.2021 20:24;evening;28.01.2021;206553;umschool;2810.00;8299;образование
26.01.2021 14:26;afternoon;26.01.2021;286211;BEE-LINE B9661483598;200.00;4812;комунальные платежи, связь, интернет
26.01.2021 14:24;afternoon;26.01.2021;285225;BEE-LINE B9099590737;200.00;4812;комунальные платежи, связь, интернет
26.01.2021 10:24;morning;26.01.2021;298483;MOBIKOM-KAVKAZ W9287200150;100.00;4812;комунальные платежи, связь, интернет
26.01.2021 00:00;evening;27.01.2021;-;MOBILE FEE;60.00;6536;прочие операции
25.01.2021 15:32;afternoon;25.01.2021;299307;APTEKA ZDRAVUSHKA 3;2889.00;5912;здоровье и красота
25.01.2021 13:07;afternoon;26.01.2021;294042;PIXEL24.RU;1200.00;9311;прочие расходы
24.01.2021 20:08;evening;25.01.2021;208627;IP MAMAEVA ZHANNETA SEJF;402.00;5411;супермаркеты
23.01.2021 12:18;afternoon;25.01.2021;236732;pokupka Kursa;1000.00;8299;образование
23.01.2021 10:43;morning;25.01.2021;258417;MAGNIT MM SOZNATELNYJ;245.84;5411;супермаркеты
23.01.2021 10:22;morning;23.01.2021;227406;ML GEMOTEST;2879.00;5912;здоровье и красота
22.01.2021 20:34;evening;25.01.2021;209962;anysports;1490.00;8299;образование
21.01.2021 17:24;afternoon;22.01.2021;252339;Tinkoff Bank Card2Card;5000.00;6536;прочие операции
20.01.2021 22:26;evening;21.01.2021;249406;TC LASTOCHKINO GNEZDO;1045.90;5411;супермаркеты
20.01.2021 21:19;evening;22.01.2021;220370;fedorova-ev.ru;777.00;8299;образование
18.01.2021 17:34;afternoon;19.01.2021;218980;umschool;3390.00;8299;образование
06.01.2021 16:21;afternoon;06.01.2021;265812;RUSALINA;511.00;5411;супермаркеты
06.01.2021 14:26;afternoon;07.01.2021;217434;MAGNIT MM SOZNATELNYJ;1293.83;5411;супермаркеты
05.01.2021 11:13;morning;05.01.2021;267587;ML GEMOTEST;1510.00;5912;здоровье и красота
05.01.2021 10:47;morning;05.01.2021;245153;SP CDA;480.00;5912;здоровье и красота
05.01.2021 10:38;morning;05.01.2021;247532;SP CDA;2520.00;5912;здоровье и красота
04.01.2021 16:31;afternoon;05.01.2021;227068;Tinkoff Bank Card2Card;40000.00;6536;прочие операции
04.01.2021 14:33;afternoon;04.01.2021;203466;EKONOM APTEKA;684.00;5912;здоровье и красота
04.01.2021 12:43;afternoon;04.01.2021;219326;EKONOM APTEKA;4260.00;5912;здоровье и красота
04.01.2021 12:26;afternoon;04.01.2021;228219;КОМИССИЯ ЗА ПРОВЕДЕННУЮ ОПЕРАЦИЮ;30.00;6536;прочие операции
03.01.2021 00:00;evening;04.01.2021;-;MOBILE FEE;60.00;6536;прочие операции
02.01.2021 16:27;afternoon;02.01.2021;225169;ZOLUSHKA;399.00;5912;здоровье и красота
02.01.2021 16:00;afternoon;04.01.2021;220484;SUPERMARKET VESTER9;966.76;5411;супермаркеты
02.01.2021 00:00;evening;04.01.2021;-;MOBILE FEE;60.00;6536;прочие операции
01.01.2021 18:11;evening;01.01.2021;271247;КОМИССИЯ ЗА ПРОВЕДЕННУЮ ОПЕРАЦИЮ;30.00;6536;прочие операции
01.01.2021 17:48;afternoon;01.01.2021;259334;КОМИССИЯ ЗА ПРОВЕДЕННУЮ ОПЕРАЦИЮ;30.00;6536;прочие операции
31.12.2020 17:17;afternoon;02.01.2021;268552;LASTOCHKINO GNEZDO;275.00;5411;супермаркеты
31.12.2020 17:10;afternoon;02.01.2021;296452;LASTOCHKINO GNEZDO;59.80;5411;супермаркеты
31.12.2020 16:58;afternoon;02.01.2021;254116;MAGNIT MM ANDEZIT;89.99;5411;супермаркеты
31.12.2020 16:27;afternoon;31.12.2020;269705;NEZNAYKA SUVENIRY;180.00;9311;прочие расходы
31.12.2020 16:14;afternoon;01.01.2021;287736;NEZNAYKA SUVENIRY;590.00;9311;прочие расходы
31.12.2020 15:55;afternoon;01.01.2021;287372;CHITAI-GOROD;4.00;5641;отдых и развлечения
31.12.2020 15:54;afternoon;31.12.2020;251091;CHITAI-GOROD;546.00;5641;отдых и развлечения
31.12.2020 15:35;afternoon;31.12.2020;255441;CHITAI-GOROD;935.00;5641;отдых и развлечения
30.12.2020 15:53;afternoon;30.12.2020;203101;NEZNAYKA;364.00;9311;прочие расходы
30.12.2020 15:03;afternoon;30.12.2020;214442;AO CENTR KNIGA;40.00;5641;отдых и развлечения
30.12.2020 14:54;afternoon;30.12.2020;209422;CHITAI-GOROD;1089.00;5641;отдых и развлечения
29.12.2020 15:41;afternoon;29.12.2020;288356;ALKOMARKET GORNYY;2205.00;5411;супермаркеты
26.12.2020 00:00;evening;28.12.2020;-;MOBILE FEE;60.00;6536;прочие операции
25.12.2020 16:58;afternoon;25.12.2020;256078;IP ALAKHVERDYAN G;25.00;5411;супермаркеты
25.12.2020 12:30;afternoon;25.12.2020;263394;FIXPRICE 3537;1215.00;5621;одежда и аксессуары
25.12.2020 10:35;morning;25.12.2020;208877;LASTOCHKINO GNEZDO 1;273.36;5411;супермаркеты
25.12.2020 10:29;morning;26.12.2020;242539;LASTOCHKINO GNEZDO;474.00;5411;супермаркеты
24.12.2020 18:43;evening;25.12.2020;273025;LASTOCHKINO GNEZDO;264.26;5411;супермаркеты
24.12.2020 17:26;afternoon;24.12.2020;267007;BEREZKA GALEREYA;1087.00;5621;одежда и аксессуары
24.12.2020 17:19;afternoon;24.12.2020;242699;MODIS;633.00;5621;одежда и аксессуары
24.12.2020 17:08;afternoon;24.12.2020;245079;GALEREYA VKUSA 1;15.00;5411;супермаркеты
24.12.2020 17:07;afternoon;24.12.2020;279717;GALEREYA VKUSA 1;245.00;5411;супермаркеты
24.12.2020 12:46;afternoon;24.12.2020;229777;FIXPRICE 3515;55.00;5621;одежда и аксессуары
23.12.2020 16:11;afternoon;24.12.2020;232512;MAGNIT MM ANDEZIT;103.99;5411;супермаркеты
22.12.2020 15:08;afternoon;23.12.2020;289304;MAGNIT MM SOZNATELNYJ;95.99;5411;супермаркеты
22.12.2020 14:44;afternoon;22.12.2020;235654;RUSALINA;92.00;5411;супермаркеты
22.12.2020 14:39;afternoon;22.12.2020;294000;FIXPRICE 3515;272.20;5621;одежда и аксессуары
22.12.2020 14:26;afternoon;23.12.2020;269536;SUPERMARKET PALMA 1;703.00;5411;супермаркеты
21.12.2020 22:04;evening;23.12.2020;279011;Tinkoff Bank Card2Card;10000.00;6536;прочие операции
19.12.2020 09:33;morning;19.12.2020;207381;MOBIKOM-KAVKAZ W9287200150;370.00;4812;комунальные платежи, связь, интернет
19.12.2020 00:23;evening;21.12.2020;206053;Tinkoff Bank Card2Card;10000.00;6536;прочие операции
18.12.2020 14:00;afternoon;19.12.2020;220542;MAGNIT MM ZNAKOVYJ;257.87;5411;супермаркеты
17.12.2020 17:39;afternoon;17.12.2020;270186;FIXPRICE 3515;132.00;5621;одежда и аксессуары
17.12.2020 17:37;afternoon;17.12.2020;292969;FIXPRICE 3515;2998.00;5621;одежда и аксессуары
16.12.2020 20:56;evening;17.12.2020;278064;MOBIKOM-KAVKAZ W9287200150;250.00;4812;комунальные платежи, связь, интернет
13.12.2020 18:31;evening;14.12.2020;258679;MAGNIT MM SOZNATELNYJ;200.97;5411;супермаркеты
12.12.2020 22:02;evening;14.12.2020;209047;MOBIKOM-KAVKAZ W9287200150;50.00;4812;комунальные платежи, связь, интернет
12.12.2020 13:46;afternoon;12.12.2020;212009;MAGAZIN MANGO;4697.00;5621;одежда и аксессуары
12.12.2020 12:04;afternoon;12.12.2020;274510;ZENDEN;5183.00;5621;одежда и аксессуары
11.12.2020 13:58;afternoon;11.12.2020;209661;RUSALINA;164.00;5411;супермаркеты
10.12.2020 22:41;evening;11.12.2020;290741;YM PREMIER;129.00;4812;комунальные платежи, связь, интернет
10.12.2020 12:59;afternoon;10.12.2020;209846;RUSALINA;200.00;5411;супермаркеты
09.12.2020 15:47;afternoon;09.12.2020;208599;BE FREE;2599.00;5621;одежда и аксессуары
07.12.2020 20:45;evening;09.12.2020;226747;Tinkoff Bank Card2Card;15000.00;6536;прочие операции
04.12.2020 20:45;evening;07.12.2020;213518;WWW.LITRES.RU;499.00;5641;отдых и развлечения
04.12.2020 16:00;afternoon;04.12.2020;251881;DEYA 7;917.90;5411;супермаркеты
04.12.2020 10:20;morning;04.12.2020;221349;MOBIKOM-KAVKAZ W9287200150;50.00;4812;комунальные платежи, связь, интернет
03.12.2020 19:40;evening;04.12.2020;269301;NALOG.RU;203.03;9311;прочие расходы
03.12.2020 16:21;afternoon;04.12.2020;260197;FIXPRICE 3515;408.00;5621;одежда и аксессуары
03.12.2020 12:25;afternoon;04.12.2020;295984;FIXPRICE 3515;55.00;5621;одежда и аксессуары
03.12.2020 00:00;evening;04.12.2020;-;MOBILE FEE;60.00;6536;прочие операции
02.12.2020 18:59;evening;03.12.2020;233069;LASTOCHKINO GNEZDO;365.00;5411;супермаркеты
02.12.2020 11:20;morning;03.12.2020;272384;MAGNIT MM ANDEZIT;855.88;5411;супермаркеты
02.12.2020 10:56;morning;03.12.2020;234184;ZOLLA;3097.00;5621;одежда и аксессуары
02.12.2020 10:19;morning;03.12.2020;281402;COMPAS;490.00;9311;прочие расходы
02.12.2020 00:00;evening;03.12.2020;-;MOBILE FEE;60.00;6536;прочие операции
01.12.2020 16:06;afternoon;01.12.2020;275524;RUSALINA;200.00;5411;супермаркеты
01.12.2020 16:00;afternoon;02.12.2020;219154;FIXPRICE 3515;1495.00;5621;одежда и аксессуары
30.11.2020 20:50;evening;01.12.2020;237858;BEE-LINE B9661483598;150.00;4812;комунальные платежи, связь, интернет
30.11.2020 06:55;morning;30.11.2020;292238;BEE-LINE B9067617195;150.00;4812;комунальные платежи, связь, интернет
28.11.2020 14:20;afternoon;28.11.2020;266636;DETSKIY MIR;1279.00;5641;отдых и развлечения
28.11.2020 14:10;afternoon;28.11.2020;271877;DETSKIY MIR;1299.00;5641;отдых и развлечения
28.11.2020 13:10;afternoon;30.11.2020;215721;Kupibilet;4645.00;3011;путешествия
28.11.2020 09:50;morning;30.11.2020;282120;Kupibilet;8199.00;3011;путешествия
27.11.2020 16:53;afternoon;28.11.2020;242223;BEE-LINE B9099590737;150.00;4812;комунальные платежи, связь, интернет
27.11.2020 13:05;afternoon;28.11.2020;252792;MAGNIT MM ZNAKOVYJ;191.98;5411;супермаркеты
26.11.2020 18:51;evening;27.11.2020;229728;FIXPRICE 3515;176.33;5621;одежда и аксессуары
26.11.2020 00:00;evening;27.11.2020;-;MOBILE FEE;60.00;6536;прочие операции
25.11.2020 18:12;evening;26.11.2020;292365;MAGNIT MM ANDEZIT;122.99;5411;супермаркеты
24.11.2020 12:35;afternoon;25.11.2020;250974;PEREKRESTOK BOROVSKOE;221.04;5411;супермаркеты
22.11.2020 19:23;evening;24.11.2020;247808;PYATEROCHKA 15719;930.05;5411;супермаркеты
21.11.2020 18:37;evening;23.11.2020;204826;FIXPRICE 3515;825.40;5621;одежда и аксессуары
20.11.2020 08:57;morning;21.11.2020;230595;Tinkoff Bank Card2Card;15000.00;6536;прочие операции
19.11.2020 12:06;afternoon;20.11.2020;221116;Tinkoff Bank Card2Card;5000.00;6536;прочие операции
19.11.2020 11:46;morning;19.11.2020;203660;BEE-LINE B9661483598;200.00;4812;комунальные платежи, связь, интернет
19.11.2020 10:10;morning;20.11.2020;217143;PYATEROCHKA 10171;353.89;5411;супермаркеты
18.11.2020 15:39;afternoon;19.11.2020;268998;PEREKRESTOK BOROVSKOE;210.00;5411;супермаркеты
18.11.2020 15:36;afternoon;19.11.2020;208006;PEREKRESTOK BOROVSKOE;412.02;5411;супермаркеты
18.11.2020 12:21;afternoon;19.11.2020;271272;FIXPRICE 3515;132.00;5621;одежда и аксессуары
17.11.2020 21:17;evening;18.11.2020;259355;IP MOROZOVA S.YU.;300.00;5411;супермаркеты
17.11.2020 16:35;afternoon;18.11.2020;244649;KFC NALCHIK;449.00;5814;рестораны и кафе
17.11.2020 16:26;afternoon;18.11.2020;204559;BE FREE;946.00;5621;одежда и аксессуары
17.11.2020 16:03;afternoon;18.11.2020;243375;ZOLLA;999.00;5621;одежда и аксессуары
17.11.2020 15:14;afternoon;18.11.2020;295795;210401 KARI;3605.00;5621;одежда и аксессуары
17.11.2020 13:08;afternoon;18.11.2020;213559;PARTA;1990.00;8299;образование
17.11.2020 11:12;morning;18.11.2020;263908;PYATEROCHKA 19400;725.78;5411;супермаркеты
17.11.2020 11:11;morning;18.11.2020;290349;MAGAZIN 555;192.00;5411;супермаркеты
16.11.2020 14:45;afternoon;17.11.2020;210378;OOO FMMR;597.51;5411;супермаркеты
16.11.2020 14:25;afternoon;17.11.2020;263611;PEREKRESTOK BOROVSKOE;1711.59;5411;супермаркеты
15.11.2020 17:49;afternoon;16.11.2020;226572;NOVOPEREDELKINSKAYA, 13A;210.00;5411;супермаркеты
15.11.2020 17:47;afternoon;16.11.2020;228131;NOVOPEREDELKINSKAYA, 13A;91.98;5411;супермаркеты
14.11.2020 15:58;afternoon;17.11.2020;202817;BILLA BOROVSKOE;2073.54;5411;супермаркеты
13.11.2020 19:06;evening;14.11.2020;295308;PEREKRESTOK BOROVSKOE;729.60;5411;супермаркеты
13.11.2020 14:58;afternoon;14.11.2020;227744;VERNYJ 1414;522.64;5411;супермаркеты
13.11.2020 14:29;afternoon;14.11.2020;210164;ATAK 506_Borovskoe;796.43;5411;супермаркеты
13.11.2020 11:52;morning;14.11.2020;272668;RUSALINA;37.00;5411;супермаркеты
12.11.2020 20:03;evening;13.11.2020;237870;PYATEROCHKA 19400;238.94;5411;супермаркеты
12.11.2020 12:33;afternoon;12.11.2020;294149;BEE-LINE B9661483598;300.00;4812;комунальные платежи, связь, интернет
12.11.2020 11:45;morning;13.11.2020;266073;IP MOROZOVA S.YU.;1042.50;5411;супермаркеты
12.11.2020 11:36;morning;13.11.2020;281828;NOVOPEREDELKINO;473.00;5411;супермаркеты
11.11.2020 19:54;evening;12.11.2020;209001;PEREKRESTOK BOROVSKOE;816.61;5411;супермаркеты
11.11.2020 13:45;afternoon;12.11.2020;262645;TRINITI;187.00;5995;все для дома
11.11.2020 13:29;afternoon;12.11.2020;274719;ULYBKA RADUGI 1831;243.00;5912;здоровье и красота
11.11.2020 12:13;afternoon;12.11.2020;241389;GLAVPIVO;135.00;5411;супермаркеты
10.11.2020 22:40;evening;11.11.2020;270386;YM PREMIER;129.00;4812;комунальные платежи, связь, интернет
10.11.2020 20:15;evening;11.11.2020;292474;PYATEROCHKA 19400;562.91;5411;супермаркеты
10.11.2020 18:36;evening;10.11.2020;296024;P2P_byPhone_tinkoff-bank;3535.00;6536;прочие операции
10.11.2020 14:59;afternoon;11.11.2020;246381;RUSALINA;227.00;5411;супермаркеты
10.11.2020 12:52;afternoon;11.11.2020;279446;RUSALINA;248.00;5411;супермаркеты
10.11.2020 11:32;morning;11.11.2020;264529;NOVOPEREDELKINSKAYA, 13A;616.98;5411;супермаркеты
09.11.2020 11:38;morning;10.11.2020;200854;MAGNIT MM ANDEZIT;115.98;5411;супермаркеты
07.11.2020 18:35;evening;09.11.2020;258905;FIXPRICE 3515;100.00;5621;одежда и аксессуары
07.11.2020 18:34;evening;09.11.2020;266735;FIXPRICE 3515;463.00;5621;одежда и аксессуары
06.11.2020 16:31;afternoon;07.11.2020;284409;Tinkoff Bank Card2Card;15000.00;6536;прочие операции
05.11.2020 17:12;afternoon;06.11.2020;290724;FIXPRICE 3515;199.00;5621;одежда и аксессуары
05.11.2020 14:56;afternoon;06.11.2020;216474;RUSALINA;132.00;5411;супермаркеты
04.11.2020 17:50;afternoon;05.11.2020;215660;DM NALCHIK KULIEVA;581.60;5641;отдых и развлечения
04.11.2020 13:37;afternoon;05.11.2020;256098;RUSALINA;100.00;5411;супермаркеты
03.11.2020 00:00;evening;04.11.2020;-;MOBILE FEE;60.00;6536;прочие операции
02.11.2020 00:00;evening;03.11.2020;-;MOBILE FEE;60.00;6536;прочие операции
31.10.2020 18:01;evening;02.11.2020;274383;FIXPRICE 3515;706.00;5621;одежда и аксессуары
31.10.2020 10:21;morning;31.10.2020;292850;BEE-LINE B9099590737;100.00;4812;комунальные платежи, связь, интернет
30.10.2020 16:12;afternoon;31.10.2020;246864;VAVILON FARM-2;82.00;5912;здоровье и красота
30.10.2020 16:11;afternoon;31.10.2020;296170;VAVILON FARM-2;80.00;5912;здоровье и красота
30.10.2020 16:10;afternoon;31.10.2020;258958;VAVILON FARM-2;538.00;5912;здоровье и красота
30.10.2020 16:07;afternoon;31.10.2020;216200;TTS GORNYY;1236.45;5411;супермаркеты
29.10.2020 10:33;morning;30.10.2020;227785;BISTRO MINUTKA;60.00;5814;рестораны и кафе
29.10.2020 10:31;morning;30.10.2020;262850;BISTRO MINUTKA;345.00;5814;рестораны и кафе
28.10.2020 20:28;evening;29.10.2020;240545;YANDEX.TAXI;86.00;5641;отдых и развлечения
28.10.2020 00:29;evening;28.10.2020;287075;BEE-LINE B9067617195;100.00;4812;комунальные платежи, связь, интернет
27.10.2020 16:08;afternoon;28.10.2020;247588;MAGNIT MM SOZNATELNYJ;475.85;5411;супермаркеты
27.10.2020 12:18;afternoon;27.10.2020;299275;YANDEX.TAXI;116.00;5641;отдых и развлечения
27.10.2020 11:11;morning;27.10.2020;234807;YANDEX.TAXI;119.00;5641;отдых и развлечения
26.10.2020 19:56;evening;26.10.2020;231508;КОМИССИЯ ЗА ПРОВЕДЕННУЮ ОПЕРАЦИЮ;30.00;6536;прочие операции
26.10.2020 18:38;evening;27.10.2020;209740;YANDEX.TAXI;79.00;5641;отдых и развлечения
26.10.2020 16:04;afternoon;27.10.2020;286897;YANDEX.TAXI;92.00;5641;отдых и развлечения
26.10.2020 13:12;afternoon;26.10.2020;225162;YANDEX.TAXI;129.00;5641;отдых и развлечения
26.10.2020 00:00;evening;27.10.2020;-;MOBILE FEE;60.00;6536;прочие операции
25.10.2020 15:34;afternoon;26.10.2020;202469;YANDEX.TAXI;66.00;5641;отдых и развлечения
25.10.2020 15:20;afternoon;26.10.2020;200862;YANDEX.TAXI;52.00;5641;отдых и развлечения
25.10.2020 12:18;afternoon;26.10.2020;248923;YANDEX.TAXI;113.00;5641;отдых и развлечения
24.10.2020 21:37;evening;26.10.2020;253672;YANDEX.TAXI;58.00;5641;отдых и развлечения
23.10.2020 14:50;afternoon;24.10.2020;287099;RUSALINA;240.00;5411;супермаркеты
23.10.2020 13:27;afternoon;24.10.2020;294292;FIXPRICE 3515;1077.50;5621;одежда и аксессуары
23.10.2020 01:22;evening;23.10.2020;208529;YANDEX.TAXI;44.00;5641;отдых и развлечения
22.10.2020 18:15;evening;23.10.2020;249865;FIXPRICE 3515;1038.00;5621;одежда и аксессуары
22.10.2020 16:46;afternoon;23.10.2020;223155;Tinkoff Bank Card2Card;25692.00;6536;прочие операции
21.10.2020 20:17;evening;22.10.2020;262460;YANDEX.TAXI;158.00;5641;отдых и развлечения
21.10.2020 11:35;morning;22.10.2020;280880;Tinkoff Bank Card2Card;11000.00;6536;прочие операции
20.10.2020 19:20;evening;21.10.2020;231093;PEREKRESTOK BOROVSKOE;376.94;5411;супермаркеты
20.10.2020 18:56;evening;22.10.2020;211543;NOVOPEREDELKINO;200.00;4111;транспорт
20.10.2020 11:35;morning;21.10.2020;227751;PYATEROCHKA 19400;1123.16;5411;супермаркеты
20.10.2020 10:45;morning;21.10.2020;224037;PYATEROCHKA 10171;685.28;5411;супермаркеты
20.10.2020 10:07;morning;20.10.2020;247392;BEE-LINE B9099590737;200.00;4812;комунальные платежи, связь, интернет
19.10.2020 19:16;evening;20.10.2020;253473;YANDEX.TAXI;77.00;5641;отдых и развлечения
19.10.2020 18:41;evening;20.10.2020;247380;OOO Ais Market;350.00;5814;рестораны и кафе
19.10.2020 18:37;evening;20.10.2020;291735;PRODUKTY;150.00;5411;супермаркеты
19.10.2020 18:35;evening;20.10.2020;267723;OOO FMMR;486.19;5411;супермаркеты
19.10.2020 18:32;evening;20.10.2020;275114;OVOSHHNOJ OTDEL;375.50;5411;супермаркеты
19.10.2020 18:30;evening;20.10.2020;291270;OOO AVGUST;2858.00;5912;здоровье и красота
18.10.2020 22:48;evening;19.10.2020;200988;YANDEX.TAXI;153.00;5641;отдых и развлечения
18.10.2020 19:46;evening;19.10.2020;229807;RUSALINA;147.00;5411;супермаркеты
17.10.2020 16:27;afternoon;19.10.2020;222630;YANDEX.TAXI;182.00;5641;отдых и развлечения
17.10.2020 15:20;afternoon;19.10.2020;279586;SUPERMARKET VESTER4;1163.63;5411;супермаркеты
17.10.2020 13:05;afternoon;19.10.2020;289042;YANDEX.TAXI;128.00;5641;отдых и развлечения
16.10.2020 18:55;evening;17.10.2020;222189;BE FREE;3897.00;5621;одежда и аксессуары
16.10.2020 18:30;evening;17.10.2020;221430;YANDEX.TAXI;39.00;5641;отдых и развлечения
16.10.2020 18:01;evening;17.10.2020;222586;YANDEX.TAXI;157.00;5641;отдых и развлечения
16.10.2020 17:57;afternoon;17.10.2020;260631;Tinkoff Bank Card2Card;5000.00;6536;прочие операции
16.10.2020 17:53;afternoon;17.10.2020;237568;MAGNIT MM GABORONE;809.42;5411;супермаркеты
16.10.2020 17:39;afternoon;17.10.2020;211518;ZOLUSHKA;1526.20;5912;здоровье и красота
16.10.2020 13:30;afternoon;17.10.2020;221250;MAGNIT MM ZNAKOVYJ;392.86;5411;супермаркеты
15.10.2020 16:39;afternoon;19.10.2020;288062;RUSALINA;92.00;5411;супермаркеты
15.10.2020 13:56;afternoon;19.10.2020;208384;RUSALINA;111.00;5411;супермаркеты
15.10.2020 13:03;afternoon;15.10.2020;258339;YANDEX.TAXI;120.00;5641;отдых и развлечения
15.10.2020 12:51;afternoon;16.10.2020;254805;ZOOCENTR;235.00;5995;все для дома
14.10.2020 08:59;morning;15.10.2020;271204;RUSALINA;59.60;5912;здоровье и красота
14.10.2020 08:58;morning;15.10.2020;237461;RUSALINA;198.00;5411;супермаркеты
13.10.2020 22:01;evening;14.10.2020;250724;YANDEX.TAXI;122.00;5641;отдых и развлечения
13.10.2020 15:28;afternoon;15.10.2020;262151;MOS.TRANSPORT.VTB.RU;44.00;4111;транспорт
13.10.2020 14:05;afternoon;14.10.2020;279214;MAGNIT MM ZNAKOVYJ;232.97;5411;супермаркеты
12.10.2020 19:21;evening;13.10.2020;277684;BEE-LINE B9661483598;300.00;4812;комунальные платежи, связь, интернет
12.10.2020 19:20;evening;13.10.2020;281130;BEE-LINE B9067617195;300.00;4812;комунальные платежи, связь, интернет
12.10.2020 19:18;evening;13.10.2020;230352;BEE-LINE B9099590737;250.00;4812;комунальные платежи, связь, интернет
12.10.2020 18:51;evening;13.10.2020;237650;YANDEX.TAXI;102.00;5641;отдых и развлечения
12.10.2020 16:11;afternoon;13.10.2020;297292;KAFE ZAKUSOCHNAYA;415.00;5814;рестораны и кафе
12.10.2020 14:58;afternoon;13.10.2020;224825;IP MOROZOVA S.YU.;348.00;5411;супермаркеты
12.10.2020 14:55;afternoon;13.10.2020;259402;PRODUKTY;130.00;5411;супермаркеты
12.10.2020 14:49;afternoon;13.10.2020;292339;OOO FMMR;486.83;5411;супермаркеты
12.10.2020 09:49;morning;13.10.2020;295999;RUSALINA;326.00;5411;супермаркеты
12.10.2020 09:44;morning;13.10.2020;249555;FIXPRICE 3515;236.50;5621;одежда и аксессуары
12.10.2020 08:06;morning;13.10.2020;253772;VELS;310.00;5411;супермаркеты
11.10.2020 17:54;afternoon;12.10.2020;220187;COFFEE STATION;60.00;5814;рестораны и кафе
10.10.2020 18:32;evening;12.10.2020;275069;PEREKRYOSTOK PRINC PLAZA;87.90;5411;супермаркеты
10.10.2020 18:27;evening;12.10.2020;292574;APTEKA IZUMRUD;48.00;5912;здоровье и красота
10.10.2020 17:22;afternoon;12.10.2020;275900;IKEA DOM 3RESTAURANT;343.00;5814;рестораны и кафе
10.10.2020 17:03;afternoon;12.10.2020;250645;KANTATA;3159.60;5411;супермаркеты
09.10.2020 15:03;afternoon;10.10.2020;242053;YANDEX.TAXI;94.00;5641;отдых и развлечения
09.10.2020 14:47;afternoon;10.10.2020;270207;VYLET;130.00;5814;рестораны и кафе
09.10.2020 14:25;afternoon;10.10.2020;230544;CAVS;500.00;3011;путешествия
08.10.2020 20:12;evening;09.10.2020;219972;YANDEX.TAXI;78.00;5641;отдых и развлечения
08.10.2020 11:46;morning;09.10.2020;205135;MAGNIT MM SOZNATELNYJ;415.77;5411;супермаркеты
07.10.2020 19:13;evening;08.10.2020;260472;YANDEX.TAXI;96.00;5641;отдых и развлечения
07.10.2020 18:33;evening;08.10.2020;274981;YANDEX.TAXI;80.00;5641;отдых и развлечения
07.10.2020 07:47;morning;08.10.2020;226446;Tinkoff Bank Card2Card;4000.00;6536;прочие операции
06.10.2020 15:16;afternoon;07.10.2020;278475;MAGNIT MM GABORONE;618.47;5411;супермаркеты
06.10.2020 13:42;afternoon;07.10.2020;244164;RUSALINA;23.00;5411;супермаркеты
06.10.2020 13:27;afternoon;07.10.2020;206656;MAGNIT MM ZNAKOVYJ;172.98;5411;супермаркеты
05.10.2020 16:30;afternoon;06.10.2020;270434;YANDEX.TAXI;122.00;5641;отдых и развлечения
05.10.2020 15:13;afternoon;06.10.2020;254685;ZOLLA;8292.00;5621;одежда и аксессуары
05.10.2020 11:07;morning;06.10.2020;251704;LASTOCHKINO GNEZDO;91.20;5411;супермаркеты
05.10.2020 11:07;morning;06.10.2020;244884;LASTOCHKINO GNEZDO;323.60;5411;супермаркеты
03.10.2020 12:33;afternoon;03.10.2020;204808;YANDEX.TAXI;116.00;5641;отдых и развлечения
03.10.2020 12:13;afternoon;03.10.2020;285201;YANDEX.TAXI;76.00;5641;отдых и развлечения
03.10.2020 12:13;afternoon;03.10.2020;200585;YANDEX.TAXI;140.00;5641;отдых и развлечения
03.10.2020 00:00;evening;05.10.2020;-;MOBILE FEE;60.00;6536;прочие операции
02.10.2020 12:22;afternoon;02.10.2020;273494;YM OKKO.TV;199.00;4812;комунальные платежи, связь, интернет
02.10.2020 00:00;evening;03.10.2020;-;MOBILE FEE;60.00;6536;прочие операции
01.10.2020 00:14;evening;02.10.2020;242908;Tinkoff Bank Card2Card;7000.00;6536;прочие операции
26.09.2020 00:00;evening;28.09.2020;-;MOBILE FEE;60.00;6536;прочие операции
25.09.2020 14:30;afternoon;26.09.2020;252854;PEREKRESTOK BOROVSKOE;669.50;5411;супермаркеты
25.09.2020 11:20;morning;26.09.2020;295763;VERNYJ 1414;612.52;5411;супермаркеты
25.09.2020 10:07;morning;28.09.2020;259222;BILLA BOROVSKOE;371.81;5411;супермаркеты
25.09.2020 10:04;morning;28.09.2020;272813;BILLA BOROVSKOE;590.82;5411;супермаркеты
25.09.2020 00:57;evening;26.09.2020;280483;BILETI_RZD;1225.00;3011;путешествия
25.09.2020 00:40;evening;26.09.2020;210881;BILETI_RZD;1571.00;3011;путешествия
24.09.2020 19:59;evening;25.09.2020;276363;OVOSHHNOJ OTDEL;57.00;5411;супермаркеты
24.09.2020 18:46;evening;25.09.2020;273776;FIXPRICE 3515;309.00;5621;одежда и аксессуары
24.09.2020 18:28;evening;25.09.2020;268892;PYATEROCHKA 19400;624.41;5411;супермаркеты
24.09.2020 17:16;afternoon;25.09.2020;241547;SUPERMARKET VESTER 13;450.69;5411;супермаркеты
24.09.2020 16:36;afternoon;25.09.2020;225217;BEE-LINE B9661483598;300.00;4812;комунальные платежи, связь, интернет
23.09.2020 23:22;evening;24.09.2020;247414;BEE-LINE B9099590737;100.00;4812;комунальные платежи, связь, интернет
23.09.2020 20:38;evening;24.09.2020;220315;SUSHI STOR;750.00;5814;рестораны и кафе
23.09.2020 20:31;evening;24.09.2020;205919;CONNECT;2990.00;5995;все для дома
23.09.2020 14:49;afternoon;24.09.2020;261670;RUSALINA;115.00;5411;супермаркеты
23.09.2020 11:52;morning;24.09.2020;236188;AVTOVOKZAL;297.50;4111;транспорт
23.09.2020 00:31;evening;24.09.2020;290760;busfor.ru;226.00;4111;транспорт
23.09.2020 00:31;evening;24.09.2020;281989;busfor.ru;339.00;4111;транспорт
22.09.2020 11:31;morning;23.09.2020;241185;PYATEROCHKA 19400;641.05;5411;супермаркеты
22.09.2020 10:54;morning;23.09.2020;206750;SUPERMARKET VESTER8;388.98;5411;супермаркеты
19.09.2020 12:16;afternoon;21.09.2020;228293;BE FREE;3500.00;5621;одежда и аксессуары
18.09.2020 20:43;evening;19.09.2020;210104;LA FLEUR;600.00;5995;все для дома
18.09.2020 20:32;evening;19.09.2020;228902;LASTOCHKINO GNEZDO;455.00;5411;супермаркеты
18.09.2020 15:43;afternoon;19.09.2020;217649;POBEDA;6948.00;3011;путешествия
18.09.2020 14:29;afternoon;19.09.2020;244084;RUSALINA;350.00;5411;супермаркеты
18.09.2020 10:56;morning;19.09.2020;254413;NOVOPEREDELKINSKAYA, 13A;29.99;5411;супермаркеты
18.09.2020 10:51;morning;19.09.2020;215647;RUSALINA;54.00;5411;супермаркеты
18.09.2020 10:43;morning;21.09.2020;256905;BILLA BOROVSKOE;1019.11;5411;супермаркеты
17.09.2020 21:16;evening;18.09.2020;242703;PEREKRESTOK BOROVSKOE;251.60;5411;супермаркеты
17.09.2020 21:00;evening;18.09.2020;248467;PYATEROCHKA 8879;717.83;5411;супермаркеты
17.09.2020 18:36;evening;18.09.2020;251520;MAGNIT MK NEJTRINO;371.29;5411;супермаркеты
17.09.2020 14:55;afternoon;18.09.2020;260702;Tinkoff Bank Card2Card;5000.00;6536;прочие операции
17.09.2020 10:47;morning;18.09.2020;236753;PR;190.00;5411;супермаркеты
17.09.2020 10:44;morning;18.09.2020;236611;IP MOROZOVA S.YU.;289.50;5411;супермаркеты
17.09.2020 10:42;morning;18.09.2020;229129;PRODUKTY;301.50;5411;супермаркеты
17.09.2020 10:39;morning;18.09.2020;218506;OOO FMMR;364.35;5411;супермаркеты
16.09.2020 18:51;evening;17.09.2020;266844;RUSALINA;232.00;5411;супермаркеты
16.09.2020 12:10;afternoon;17.09.2020;281472;SECOND HAND;534.24;5621;одежда и аксессуары
16.09.2020 10:13;morning;17.09.2020;283395;PEREKRESTOK BOROVSKOE;669.02;5411;супермаркеты
16.09.2020 10:12;morning;17.09.2020;299535;PEREKRESTOK BOROVSKOE;347.59;5411;супермаркеты
15.09.2020 13:02;afternoon;17.09.2020;204527;PEREKRESTOK BOROVSKOE;716.40;5411;супермаркеты
14.09.2020 12:27;afternoon;15.09.2020;290467;PEREKRESTOK BOROVSKOE;939.80;5411;супермаркеты
14.09.2020 12:26;afternoon;15.09.2020;218915;PEREKRESTOK BOROVSKOE;472.37;5411;супермаркеты
13.09.2020 13:17;afternoon;14.09.2020;253205;PYATEROCHKA 19400;954.75;5411;супермаркеты
12.09.2020 21:47;evening;14.09.2020;283683;PEREKRESTOK BOROVSKOE;863.24;5411;супермаркеты
12.09.2020 14:32;afternoon;14.09.2020;212060;NOVOPEREDELKINSKAYA, 13A;98.98;5411;супермаркеты
12.09.2020 14:28;afternoon;14.09.2020;220745;OVOSHHNOJ OTDEL;134.50;5411;супермаркеты
11.09.2020 20:43;evening;12.09.2020;201447;PEREKRESTOK BOROVSKOE;510.80;5411;супермаркеты
06.09.2020 16:25;afternoon;07.09.2020;283875;SUPERMARKET VESTER9;237.89;5411;супермаркеты
03.09.2020 00:00;evening;04.09.2020;-;MOBILE FEE;60.00;6536;прочие операции
03.09.2020 00:00;evening;04.09.2020;-;MOBILE FEE;60.00;6536;прочие операции
02.09.2020 20:53;evening;04.09.2020;251800;DEYA 14;231.90;5411;супермаркеты
02.09.2020 15:20;afternoon;04.09.2020;244258;YM OKKO.TV;1.00;4812;комунальные платежи, связь, интернет
30.08.2020 16:13;afternoon;31.08.2020;257427;MAGAZIN PRODUKTY;487.50;5411;супермаркеты
29.08.2020 08:36;morning;31.08.2020;233913;PEREKRESTOK BOROVSKOE;152.80;5411;супермаркеты
28.08.2020 18:15;evening;29.08.2020;279451;PEREKRESTOK BOROVSKOE;210.60;5411;супермаркеты
28.08.2020 17:30;afternoon;29.08.2020;237447;PEREKRESTOK BOROVSKOE;1897.20;5411;супермаркеты
27.08.2020 19:46;evening;29.08.2020;270524;PRODUKTY;258.00;5411;супермаркеты
27.08.2020 19:45;evening;29.08.2020;210648;PRODUKTY;39.00;5411;супермаркеты
27.08.2020 19:38;evening;29.08.2020;220937;OOO AVGUST;391.00;5912;здоровье и красота
27.08.2020 14:42;afternoon;29.08.2020;251085;NOVOPEREDELKINSKAYA, 13A;1253.98;5411;супермаркеты
27.08.2020 14:18;afternoon;29.08.2020;250048;PEREKRESTOK BOROVSKOE;418.09;5411;супермаркеты
26.08.2020 00:00;evening;27.08.2020;-;MOBILE FEE;60.00;6536;прочие операции
25.08.2020 19:58;evening;27.08.2020;201539;PYATEROCHKA 19400;336.54;5411;супермаркеты
25.08.2020 13:24;afternoon;27.08.2020;240303;PEREKRESTOK BOROVSKOE;544.10;5411;супермаркеты
24.08.2020 17:47;afternoon;26.08.2020;200132;PEREKRESTOK BOROVSKOE;408.20;5411;супермаркеты
24.08.2020 14:35;afternoon;26.08.2020;278858;PEREKRESTOK BOROVSKOE;67.90;5411;супермаркеты
24.08.2020 11:54;morning;26.08.2020;217668;ZOOMAGAZIN CHETYRE LAPY;89.00;5995;все для дома
24.08.2020 11:46;morning;26.08.2020;294472;PEREKRESTOK BOROVSKOE;347.71;5411;супермаркеты
24.08.2020 11:46;morning;26.08.2020;225454;PEREKRESTOK BOROVSKOE;179.80;5411;супермаркеты
24.08.2020 11:45;morning;26.08.2020;210649;PEREKRESTOK BOROVSKOE;853.94;5411;супермаркеты
24.08.2020 07:21;morning;25.08.2020;284690;BEE-LINE B9067617195;300.00;4812;комунальные платежи, связь, интернет
23.08.2020 20:33;evening;25.08.2020;269069;PEREKRESTOK BOROVSKOE;108.80;5411;супермаркеты
23.08.2020 20:17;evening;25.08.2020;215662;PEREKRESTOK BOROVSKOE;492.16;5411;супермаркеты
23.08.2020 09:27;morning;24.08.2020;241639;BEE-LINE B9099590737;200.00;4812;комунальные платежи, связь, интернет
23.08.2020 00:12;evening;24.08.2020;272187;ATAK 506_Borovskoe;2156.10;5411;супермаркеты
22.08.2020 17:41;afternoon;24.08.2020;278385;BEE-LINE B9661483598;300.00;4812;комунальные платежи, связь, интернет
22.08.2020 16:52;afternoon;24.08.2020;220791;OOO Ais Market;240.00;5814;рестораны и кафе
22.08.2020 16:48;afternoon;24.08.2020;222767;IP Che;225.00;5814;рестораны и кафе
22.08.2020 16:46;afternoon;24.08.2020;256011;OOO FMMR;757.32;5411;супермаркеты
22.08.2020 16:43;afternoon;24.08.2020;287336;PRODUKTY;70.00;5411;супермаркеты
21.08.2020 12:40;afternoon;24.08.2020;236749;NOVOPEREDELKINSKAYA, 13A;287.94;5411;супермаркеты
21.08.2020 12:34;afternoon;22.08.2020;233329;NOVOPEREDELKINO;160.00;5411;супермаркеты
21.08.2020 12:28;afternoon;24.08.2020;283290;MYASNOJ OTDEL;186.00;5641;отдых и развлечения
19.08.2020 16:16;afternoon;20.08.2020;220458;RUSALINA;123.00;5411;супермаркеты
18.08.2020 16:24;afternoon;19.08.2020;219394;RUSALINA;100.00;5411;супермаркеты
17.08.2020 16:06;afternoon;18.08.2020;293781;RUSALINA;175.00;5411;супермаркеты
15.08.2020 19:41;evening;17.08.2020;237313;PYATEROCHKA 19400;474.69;5411;супермаркеты
15.08.2020 18:18;evening;17.08.2020;234614;PYATEROCHKA 224;403.92;5411;супермаркеты
15.08.2020 17:50;afternoon;17.08.2020;213973;APTEKA 77-326;2596.50;5912;здоровье и красота
14.08.2020 15:16;afternoon;15.08.2020;221135;IP MOROZOVA S.YU.;296.00;5411;супермаркеты
14.08.2020 15:14;afternoon;15.08.2020;287321;BELARUS PRODUKTY;147.40;5411;супермаркеты
14.08.2020 15:11;afternoon;15.08.2020;206390;OVOSHHNOJ OTDEL;146.50;5411;супермаркеты
13.08.2020 19:54;evening;14.08.2020;256578;PEREKRESTOK BOROVSKOE;542.60;5411;супермаркеты
13.08.2020 16:47;afternoon;14.08.2020;298543;FIXPRICE 3515;414.50;5621;одежда и аксессуары
13.08.2020 12:57;afternoon;14.08.2020;223730;PEREKRESTOK BOROVSKOE;1635.78;5411;супермаркеты
13.08.2020 10:22;morning;14.08.2020;237072;PYATEROCHKA 10171;149.97;5411;супермаркеты
12.08.2020 17:34;afternoon;13.08.2020;258597;NOVOPEREDELKINO;154.00;5411;супермаркеты
12.08.2020 17:31;afternoon;13.08.2020;234965;NOVOPEREDELKINO;302.00;5411;супермаркеты
12.08.2020 17:29;afternoon;13.08.2020;210042;OOO FMMR;267.26;5411;супермаркеты
11.08.2020 20:48;evening;12.08.2020;259109;NOVOPEREDELKINSKAYA, 13A;81.98;5411;супермаркеты
11.08.2020 20:47;evening;12.08.2020;275478;NOVOPEREDELKINSKAYA, 13A;30.10;5411;супермаркеты
11.08.2020 20:42;evening;12.08.2020;218802;OVOSHHNOJ OTDEL;168.50;5411;супермаркеты
11.08.2020 17:21;afternoon;12.08.2020;287088;PYATEROCHKA 19400;718.84;5411;супермаркеты
11.08.2020 13:27;afternoon;12.08.2020;220600;PEREKRESTOK BOROVSKOE;748.08;5411;супермаркеты
10.08.2020 19:20;evening;11.08.2020;283745;ZOOMAGAZIN CHETYRE LAPY;1914.00;5995;все для дома
10.08.2020 19:14;evening;11.08.2020;211467;PEREKRESTOK BOROVSKOE;1113.10;5411;супермаркеты
10.08.2020 18:53;evening;11.08.2020;295391;RUSALINA;222.00;5411;супермаркеты
10.08.2020 08:40;morning;10.08.2020;238495;BEE-LINE B9067617195;300.00;4812;комунальные платежи, связь, интернет
10.08.2020 08:39;morning;10.08.2020;247769;BEE-LINE B9099590737;300.00;4812;комунальные платежи, связь, интернет
09.08.2020 14:42;afternoon;10.08.2020;210423;IP Che;260.00;5814;рестораны и кафе
09.08.2020 14:40;afternoon;10.08.2020;290629;OOO FMMR;295.95;5411;супермаркеты
09.08.2020 14:38;afternoon;10.08.2020;299124;CP PRODUKTY;56.00;5411;супермаркеты
09.08.2020 14:30;afternoon;11.08.2020;202520;BILLA BOROVSKOE;319.88;5411;супермаркеты
09.08.2020 11:06;morning;10.08.2020;260442;NOVOPEREDELKINSKAYA, 13A;1155.77;5411;супермаркеты
08.08.2020 18:39;evening;10.08.2020;222527;NOVOPEREDELKINSKAYA, 13A;133.96;5411;супермаркеты
08.08.2020 18:32;evening;10.08.2020;276178;IP Che;260.00;5814;рестораны и кафе
08.08.2020 18:30;evening;10.08.2020;225145;OVOSHHNOJ OTDEL;126.00;5411;супермаркеты
07.08.2020 19:26;evening;08.08.2020;222455;PEREKRESTOK BOROVSKOE;346.31;5411;супермаркеты
07.08.2020 13:30;afternoon;08.08.2020;294474;NOVOPEREDELKINSKAYA, 13A;196.97;5411;супермаркеты
07.08.2020 13:23;afternoon;08.08.2020;222512;IP MOROZOVA S.YU.;262.50;5411;супермаркеты
07.08.2020 13:17;afternoon;08.08.2020;232563;OOO FMMR;110.28;5411;супермаркеты
07.08.2020 13:16;afternoon;08.08.2020;288291;OOO FMMR;298.80;5411;супермаркеты
07.08.2020 13:13;afternoon;08.08.2020;249703;OVOSHHNOJ OTDEL;124.00;5411;супермаркеты
07.08.2020 13:10;afternoon;08.08.2020;266311;IP Che;220.00;5814;рестораны и кафе
07.08.2020 13:08;afternoon;08.08.2020;206788;MYASNOJ OTDEL;208.00;5641;отдых и развлечения
06.08.2020 15:49;afternoon;07.08.2020;204642;RUSALINA;200.00;5411;супермаркеты
05.08.2020 17:30;afternoon;05.08.2020;201455;TD KHOLAM;58.00;5995;все для дома
05.08.2020 17:17;afternoon;06.08.2020;255777;FIXPRICE 3515;529.00;5621;одежда и аксессуары
04.08.2020 15:34;afternoon;05.08.2020;244373;RUSALINA;223.00;5411;супермаркеты
04.08.2020 08:12;morning;04.08.2020;226126;MOBIKOM-KAVKAZ W9287200150;500.00;4812;комунальные платежи, связь, интернет
03.08.2020 00:00;evening;04.08.2020;-;MOBILE FEE;60.00;6536;прочие операции
30.07.2020 15:52;afternoon;31.07.2020;250160;RUSALINA;200.00;5411;супермаркеты
30.07.2020 10:50;morning;30.07.2020;296587;BEE-LINE B9067617195;200.00;4812;комунальные платежи, связь, интернет
30.07.2020 10:30;morning;30.07.2020;276471;BEE-LINE B9099590737;200.00;4812;комунальные платежи, связь, интернет
27.07.2020 14:03;afternoon;28.07.2020;291909;RUSALINA;200.00;5411;супермаркеты
26.07.2020 00:00;evening;27.07.2020;-;MOBILE FEE;60.00;6536;прочие операции
25.07.2020 20:02;evening;27.07.2020;289129;NOVOPEREDELKINSKAYA, 13A;135.73;5411;супермаркеты
24.07.2020 11:19;morning;25.07.2020;251246;RUSALINA;200.00;5411;супермаркеты
23.07.2020 21:06;evening;24.07.2020;273877;NOVOPEREDELKINSKAYA, 13A;342.73;5411;супермаркеты
23.07.2020 12:39;afternoon;24.07.2020;241609;PEREKRESTOK BOROVSKOE;921.93;5411;супермаркеты
23.07.2020 12:37;afternoon;24.07.2020;284172;PEREKRESTOK BOROVSKOE;264.83;5411;супермаркеты
22.07.2020 11:11;morning;23.07.2020;253603;PRODUKTY;35.00;5411;супермаркеты
22.07.2020 11:03;morning;23.07.2020;276276;PYATEROCHKA 19400;172.90;5411;супермаркеты
22.07.2020 10:55;morning;23.07.2020;239766;PYATEROCHKA 19400;658.71;5411;супермаркеты
22.07.2020 10:23;morning;23.07.2020;207352;TRINITI;447.00;5995;все для дома
21.07.2020 16:05;afternoon;22.07.2020;230104;RUSALINA;165.00;5411;супермаркеты
21.07.2020 12:48;afternoon;22.07.2020;294876;RUSALINA;213.00;5411;супермаркеты
20.07.2020 22:04;evening;21.07.2020;278900;NOVOPEREDELKINSKAYA, 13A;342.73;5411;супермаркеты
20.07.2020 12:00;afternoon;21.07.2020;281350;PEREKRESTOK BOROVSKOE;848.67;5411;супермаркеты
20.07.2020 11:59;morning;21.07.2020;246396;PEREKRESTOK BOROVSKOE;241.38;5411;супермаркеты
18.07.2020 13:51;afternoon;18.07.2020;266338;BEE-LINE B9099590737;200.00;4812;комунальные платежи, связь, интернет
17.07.2020 22:30;evening;18.07.2020;233311;PEREKRESTOK BOROVSKOE;228.60;5411;супермаркеты
17.07.2020 11:31;morning;18.07.2020;294695;OOO FMMR;677.38;5411;супермаркеты
17.07.2020 11:20;morning;18.07.2020;292816;VERNYJ 1414;438.18;5411;супермаркеты
17.07.2020 11:05;morning;18.07.2020;267559;PYATEROCHKA 19400;546.75;5411;супермаркеты
17.07.2020 09:55;morning;18.07.2020;270869;PEREKRESTOK BOROVSKOE;870.25;5411;супермаркеты
17.07.2020 09:53;morning;18.07.2020;250238;PEREKRESTOK BOROVSKOE;329.85;5411;супермаркеты
16.07.2020 21:21;evening;17.07.2020;249764;NOVOPEREDELKINSKAYA, 13A;335.73;5411;супермаркеты
15.07.2020 21:44;evening;16.07.2020;215344;PEREKRESTOK BOROVSKOE;1086.84;5411;супермаркеты
15.07.2020 15:01;afternoon;16.07.2020;214292;RUSALINA;23.00;5411;супермаркеты
15.07.2020 14:58;afternoon;16.07.2020;231055;FIXPRICE 3515;209.00;5621;одежда и аксессуары
15.07.2020 10:30;morning;16.07.2020;235018;BILETI_RZD;1126.00;3011;путешествия
15.07.2020 10:09;morning;16.07.2020;232684;BILETI_RZD;1289.00;3011;путешествия
14.07.2020 21:00;evening;15.07.2020;276087;PRODUKTY;35.00;5411;супермаркеты
14.07.2020 20:14;evening;15.07.2020;249565;RNMAZK 101 KNP;80.00;4121;автомобиль
14.07.2020 16:09;afternoon;14.07.2020;223415;BEE-LINE B9067617195;300.00;4812;комунальные платежи, связь, интернет
14.07.2020 11:39;morning;15.07.2020;272464;PEREKRESTOK BOROVSKOE;450.57;5411;супермаркеты
14.07.2020 11:38;morning;15.07.2020;289985;PEREKRESTOK BOROVSKOE;404.16;5411;супермаркеты
13.07.2020 21:26;evening;14.07.2020;276720;PYATEROCHKA 19400;866.38;5411;супермаркеты
13.07.2020 10:55;morning;14.07.2020;293697;CP PRODUKTY;30.00;5411;супермаркеты
13.07.2020 10:53;morning;14.07.2020;222348;OOO AVGUST;270.00;5912;здоровье и красота
12.07.2020 19:30;evening;13.07.2020;292433;NOVOPEREDELKINSKAYA, 13A;149.73;5411;супермаркеты
12.07.2020 18:49;evening;13.07.2020;221331;ZOOMAGAZIN CHETYRE LAPY;379.00;5995;все для дома
12.07.2020 18:47;evening;13.07.2020;268931;PEREKRESTOK BOROVSKOE;343.07;5411;супермаркеты
12.07.2020 18:02;evening;13.07.2020;249391;"Magazin ""Eltigen""";241.00;5411;супермаркеты
12.07.2020 14:39;afternoon;13.07.2020;236849;PEREKRESTOK SOLNTSEVO;317.80;5411;супермаркеты
12.07.2020 14:19;afternoon;13.07.2020;247332;MAGNIT MM YAKOBSON;245.15;5411;супермаркеты
12.07.2020 13:54;afternoon;13.07.2020;282540;DIXY;69.99;5411;супермаркеты
11.07.2020 12:29;afternoon;13.07.2020;228047;IP MOROZOVA S.YU.;402.50;5411;супермаркеты
11.07.2020 11:35;morning;13.07.2020;281187;TRINITI;530.00;5995;все для дома
10.07.2020 19:39;evening;11.07.2020;251853;NOVOPEREDELKINSKAYA, 13A;149.73;5411;супермаркеты
10.07.2020 12:33;afternoon;11.07.2020;259344;NOVOPEREDELKINO;168.00;5411;супермаркеты
10.07.2020 12:31;afternoon;11.07.2020;221532;OOO FMMR;326.70;5411;супермаркеты
10.07.2020 12:22;afternoon;11.07.2020;295952;PYATEROCHKA 19400;371.35;5411;супермаркеты
10.07.2020 12:00;afternoon;11.07.2020;277039;VERNYJ 1414;144.03;5411;супермаркеты
10.07.2020 11:31;morning;11.07.2020;206362;PEREKRESTOK BOROVSKOE;367.73;5411;супермаркеты
10.07.2020 11:11;morning;11.07.2020;246916;BILLA BOROVSKOE;337.49;5411;супермаркеты
10.07.2020 10:41;morning;11.07.2020;249726;"""IP ANDREASYAN A R""";128.00;5411;супермаркеты
10.07.2020 08:03;morning;10.07.2020;222263;BEE-LINE B9099590737;300.00;4812;комунальные платежи, связь, интернет
09.07.2020 21:36;evening;10.07.2020;296891;PYATEROCHKA 19400;640.40;5411;супермаркеты
09.07.2020 12:45;afternoon;10.07.2020;212936;PEREKRESTOK BOROVSKOE;395.40;5411;супермаркеты
09.07.2020 12:44;afternoon;10.07.2020;228554;PEREKRESTOK BOROVSKOE;218.97;5411;супермаркеты
08.07.2020 21:02;evening;09.07.2020;263045;PEREKRESTOK BOROVSKOE;244.50;5411;супермаркеты
08.07.2020 11:25;morning;09.07.2020;227031;CP PRODUKTY;226.00;5411;супермаркеты
08.07.2020 11:18;morning;10.07.2020;261713;BELARUS PRODUKTY;280.00;5411;супермаркеты
08.07.2020 11:17;morning;10.07.2020;268200;BELARUS PRODUKTY;354.85;5411;супермаркеты
08.07.2020 11:05;morning;09.07.2020;255723;MAGNIT MM NOVUS;336.71;5411;супермаркеты
07.07.2020 20:53;evening;08.07.2020;269290;PEREKRESTOK BOROVSKOE;527.59;5411;супермаркеты
03.07.2020 00:00;evening;04.07.2020;-;MOBILE FEE;60.00;6536;прочие операции
02.07.2020 15:21;afternoon;03.07.2020;228337;RUSALINA;381.00;5411;супермаркеты
02.07.2020 15:17;afternoon;03.07.2020;265824;FIXPRICE 3515;154.50;5621;одежда и аксессуары
30.06.2020 20:36;evening;01.07.2020;219933;NOVOPEREDELKINSKAYA, 13A;169.99;5411;супермаркеты
30.06.2020 18:40;evening;01.07.2020;217729;ZOOMAGAZIN CHETYRE LAPY;99.00;5995;все для дома
30.06.2020 18:34;evening;01.07.2020;216664;PEREKRESTOK BOROVSKOE;581.73;5411;супермаркеты
29.06.2020 10:07;morning;30.06.2020;265270;LASTOCHKINO GNEZDO;820.05;5411;супермаркеты
28.06.2020 11:51;morning;29.06.2020;292752;LASTOCHKINO GNEZDO;917.39;5411;супермаркеты
26.06.2020 16:42;afternoon;27.06.2020;201585;PYATEROCHKA 19400;341.73;5411;супермаркеты
26.06.2020 00:00;evening;27.06.2020;-;MOBILE FEE;60.00;6536;прочие операции
24.06.2020 18:44;evening;25.06.2020;286967;TTS GORNYY;1040.83;5411;супермаркеты
24.06.2020 16:40;afternoon;25.06.2020;278149;DonutsDay;280.00;5814;рестораны и кафе
24.06.2020 15:22;afternoon;25.06.2020;253155;DonutsDay;150.00;5814;рестораны и кафе
18.06.2020 18:10;evening;19.06.2020;288162;FIXPRICE 3515;364.00;5621;одежда и аксессуары
17.06.2020 17:11;afternoon;18.06.2020;261159;LASTOCHKINO GNEZDO;2051.37;5411;супермаркеты
17.06.2020 16:36;afternoon;18.06.2020;206872;ZOOCENTR;676.50;5995;все для дома
12.06.2020 10:16;morning;13.06.2020;291161;MOBIKOM-KAVKAZ W9287200150;100.00;4812;комунальные платежи, связь, интернет
11.06.2020 19:10;evening;13.06.2020;259771;RUSALINA;834.00;5411;супермаркеты
11.06.2020 19:02;evening;12.06.2020;246528;FIXPRICE 3515;165.00;5621;одежда и аксессуары
05.06.2020 14:47;afternoon;06.06.2020;201054;YM LECTA;105.00;6536;прочие операции
05.06.2020 14:40;afternoon;06.06.2020;205925;YM LECTA;105.00;6536;прочие операции
04.06.2020 21:02;evening;05.06.2020;256510;MOBIKOM-KAVKAZ W9287200150;500.00;4812;комунальные платежи, связь, интернет
03.06.2020 00:00;evening;04.06.2020;-;MOBILE FEE;60.00;6536;прочие операции
01.06.2020 18:29;evening;02.06.2020;204031;MAGNIT MM VOENKOMAT;867.43;5411;супермаркеты
01.06.2020 12:53;afternoon;01.06.2020;247623;TD KHOLAM;308.00;5995;все для дома
01.06.2020 12:45;afternoon;02.06.2020;240873;RUSALINA;245.00;5411;супермаркеты
01.06.2020 12:39;afternoon;02.06.2020;222583;FIXPRICE 3515;308.50;5621;одежда и аксессуары
